<?xml version="1.0" encoding="US-ASCII" standalone="yes"?>
<root>
  <binding>
    <x>
    SentientAnimal
    </x>
  </binding>
  <binding>
    <x>
    Agent-PartiallyTangible
    </x>
  </binding>
  <binding>
    <x>
    AirBreathingVertebrate
    </x>
  </binding>
  <binding>
    <x>
    Expression-Underspecified
    </x>
  </binding>
  <binding>
    <x>
    ComputerUser
    </x>
  </binding>
  <binding>
    <x>
    TerrestrialOrganism
    </x>
  </binding>
  <binding>
    <x>
    HomoSapiens
    </x>
  </binding>
  <binding>
    <x>
    NaturalTangibleStuff
    </x>
  </binding>
  <binding>
    <x>
    (CollectionUnionFn (TheSet BiologicalLivingObject (GroupFn BiologicalLivingObject)))
    </x>
  </binding>
  <binding>
    <x>
    SpatiallyBoundedThing
    </x>
  </binding>
  <binding>
    <x>
    TemporallyExistingThing
    </x>
  </binding>
  <binding>
    <x>
    Vertebrate
    </x>
  </binding>
  <binding>
    <x>
    Boundary-Underspecified
    </x>
  </binding>
  <binding>
    <x>
    (CollectionUnionFn (TheSet Animal (GroupFn Animal)))
    </x>
  </binding>
  <binding>
    <x>
    PolyDimensionalThing
    </x>
  </binding>
  <binding>
    <x>
    MulticellularOrganism
    </x>
  </binding>
  <binding>
    <x>
    IndividualAgent
    </x>
  </binding>
  <binding>
    <x>
    TopAndBottomSidedObject
    </x>
  </binding>
  <binding>
    <x>
    PartiallyIntangible
    </x>
  </binding>
  <binding>
    <x>
    Homeotherm
    </x>
  </binding>
  <binding>
    <x>
    InformationStore
    </x>
  </binding>
  <binding>
    <x>
    Cyclist
    </x>
  </binding>
  <binding>
    <x>
    Primate
    </x>
  </binding>
  <binding>
    <x>
    HumanCyclist
    </x>
  </binding>
  <binding>
    <x>
    OrganicMaterial
    </x>
  </binding>
  <binding>
    <x>
    (CollectionUnionFn (TheSet Person (GroupFn Person)))
    </x>
  </binding>
  <binding>
    <x>
    FiniteSpatialThing
    </x>
  </binding>
  <binding>
    <x>
    SomethingExisting
    </x>
  </binding>
  <binding>
    <x>
    Mammal
    </x>
  </binding>
  <binding>
    <x>
    SpatialThing-Localized
    </x>
  </binding>
  <binding>
    <x>
    AnimalBLO
    </x>
  </binding>
  <binding>
    <x>
    ThreeDimensionalThing
    </x>
  </binding>
  <binding>
    <x>
    PerceptualAgent
    </x>
  </binding>
  <binding>
    <x>
    Container-Underspecified
    </x>
  </binding>
  <binding>
    <x>
    LeftAndRightSidedObject
    </x>
  </binding>
  <binding>
    <x>
    PartiallyIntangibleIndividual
    </x>
  </binding>
  <binding>
    <x>
    HumanScaleObject
    </x>
  </binding>
  <binding>
    <x>
    IntelligentAgent
    </x>
  </binding>
  <binding>
    <x>
    Heterotroph
    </x>
  </binding>
  <binding>
    <x>
    HominidaeFamily
    </x>
  </binding>
  <binding>
    <x>
    KnowledgeEngineer
    </x>
  </binding>
  <binding>
    <x>
    (CollectionUnionFn (TheSet BiologicalLivingObject FictionalCharacter))
    </x>
  </binding>
  <binding>
    <x>
    Person
    </x>
  </binding>
  <binding>
    <x>
    System
    </x>
  </binding>
  <binding>
    <x>
    Location-Underspecified
    </x>
  </binding>
  <binding>
    <x>
    Eutheria
    </x>
  </binding>
  <binding>
    <x>
    Trajector-Underspecified
    </x>
  </binding>
  <binding>
    <x>
    Animal
    </x>
  </binding>
  <binding>
    <x>
    SpatialThing
    </x>
  </binding>
  <binding>
    <x>
    NonFluidlikeTangibleThing
    </x>
  </binding>
  <binding>
    <x>
    (CollectionUnionFn (TheSet Person Animal))
    </x>
  </binding>
  <binding>
    <x>
    BilateralObject
    </x>
  </binding>
  <binding>
    <x>
    Agent-Underspecified
    </x>
  </binding>
  <binding>
    <x>
    AxisymmetricObject
    </x>
  </binding>
  <binding>
    <x>
    SocialBeing
    </x>
  </binding>
  <binding>
    <x>
    Omnivore
    </x>
  </binding>
  <binding>
    <x>
    HomoGenus
    </x>
  </binding>
  <binding>
    <x>
    BiologicalLivingObject
    </x>
  </binding>
  <binding>
    <x>
    Thing
    </x>
  </binding>
  <binding>
    <x>
    FunctionalSystem
    </x>
  </binding>
  <binding>
    <x>
    EnduringThing-Localized
    </x>
  </binding>
  <binding>
    <x>
    Opaque
    </x>
  </binding>
  <binding>
    <x>
    Individual
    </x>
  </binding>
  <binding>
    <x>
    Coelomate
    </x>
  </binding>
  <binding>
    <x>
    Landmark-Underspecified
    </x>
  </binding>
  <binding>
    <x>
    (CollectionUnionFn (TheSet SolidTangibleThing LiquidTangibleThing))
    </x>
  </binding>
  <binding>
    <x>
    (CollectionUnionFn (TheSet Agent-Generic (GroupFn Agent-Generic)))
    </x>
  </binding>
  <binding>
    <x>
    FrontAndBackSidedObject
    </x>
  </binding>
  <binding>
    <x>
    (CollectionUnionFn (TheSet InformationBearingThing Agent-Generic))
    </x>
  </binding>
  <binding>
    <x>
    BilaterallySymmetricObject
    </x>
  </binding>
  <binding>
    <x>
    CompositeTangibleAndIntangibleObject
    </x>
  </binding>
  <binding>
    <x>
    ViviparousAnimal
    </x>
  </binding>
  <binding>
    <x>
    (CollectionUnionFn (TheSet SpecifiedInformationBearingThingType InformationStore))
    </x>
  </binding>
  <binding>
    <x>
    Organism-Whole
    </x>
  </binding>
  <binding>
    <x>
    (CollectionUnionFn (TheSet HomoSapiens (GroupFn HomoSapiens)))
    </x>
  </binding>
  <binding>
    <x>
    FixedFunctionalSystem
    </x>
  </binding>
  <binding>
    <x>
    PartiallyTangible
    </x>
  </binding>
  <binding>
    <x>
    SpatiallyContinuousThing
    </x>
  </binding>
  <binding>
    <x>
    TemporalThing
    </x>
  </binding>
  <binding>
    <x>
    ChordataPhylum
    </x>
  </binding>
  <binding>
    <x>
    Region-Underspecified
    </x>
  </binding>
  <binding>
    <x>
    SolidTangibleThing
    </x>
  </binding>
  <binding>
    <x>
    PositiveDimensionalThing
    </x>
  </binding>
  <binding>
    <x>
    HexalateralObject
    </x>
  </binding>
  <binding>
    <x>
    Agent-Generic
    </x>
  </binding>
</root>